,Company Name,Industry,Symbol,Series,ISIN Code
0,360 ONE WAM Ltd.,Financial Services,360ONE,EQ,INE466L01038
1,3M India Ltd.,Diversified,3MINDIA,EQ,INE470A01017
2,ABB India Ltd.,Capital Goods,ABB,EQ,INE117A01022
3,ACC Ltd.,Construction Materials,ACC,EQ,INE012A01025
4,AIA Engineering Ltd.,Capital Goods,AIAENG,EQ,INE212H01026
5,APL Apollo Tubes Ltd.,Capital Goods,APLAPOLLO,EQ,INE702C01027
6,AU Small Finance Bank Ltd.,Financial Services,AUBANK,EQ,INE949L01017
7,Aadhar Housing Finance Ltd.,Financial Services,AADHARHFC,EQ,INE883F01010
8,Aarti Industries Ltd.,Chemicals,AARTIIND,EQ,INE769A01020
9,Aavas Financiers Ltd.,Financial Services,AAVAS,EQ,INE216P01012
10,Abbott India Ltd.,Healthcare,ABBOTINDIA,EQ,INE358A01014
11,Action Construction Equipment Ltd.,Capital Goods,ACE,EQ,INE731H01025
12,Adani Energy Solutions Ltd.,Power,ADANIENSOL,EQ,INE931S01010
13,Adani Enterprises Ltd.,Metals & Mining,ADANIENT,EQ,INE423A01024
14,Adani Green Energy Ltd.,Power,ADANIGREEN,EQ,INE364U01010
15,Adani Ports and Special Economic Zone Ltd.,Services,ADANIPORTS,EQ,INE742F01042
16,Adani Power Ltd.,Power,ADANIPOWER,EQ,INE814H01011
17,Adani Total Gas Ltd.,Oil Gas & Consumable Fuels,ATGL,EQ,INE399L01023
18,Adani Wilmar Ltd.,Fast Moving Consumer Goods,AWL,EQ,INE699H01024
19,Aditya Birla Capital Ltd.,Financial Services,ABCAPITAL,EQ,INE674K01013
20,Aditya Birla Fashion and Retail Ltd.,Consumer Services,ABFRL,EQ,INE647O01011
21,Aditya Birla Real Estate Ltd.,Forest Materials,ABREL,EQ,INE055A01016
22,Aditya Birla Sun Life AMC Ltd.,Financial Services,ABSLAMC,EQ,INE404A01024
23,Aegis Logistics Ltd.,Oil Gas & Consumable Fuels,AEGISLOG,EQ,INE208C01025
24,Affle (India) Ltd.,Information Technology,AFFLE,EQ,INE00WC01027
25,Ajanta Pharmaceuticals Ltd.,Healthcare,AJANTPHARM,EQ,INE031B01049
26,Akums Drugs and Pharmaceuticals Ltd.,Healthcare,AKUMS,EQ,INE09XN01023
27,Alembic Pharmaceuticals Ltd.,Healthcare,APLLTD,EQ,INE901L01018
28,Alkem Laboratories Ltd.,Healthcare,ALKEM,EQ,INE540L01014
29,Alkyl Amines Chemicals Ltd.,Chemicals,ALKYLAMINE,EQ,INE150B01039
30,Alok Industries Ltd.,Textiles,ALOKINDS,EQ,INE270A01029
31,Amara Raja Energy & Mobility Ltd.,Automobile and Auto Components,ARE&M,EQ,INE885A01032
32,Amber Enterprises India Ltd.,Consumer Durables,AMBER,EQ,INE371P01015
33,Ambuja Cements Ltd.,Construction Materials,AMBUJACEM,EQ,INE079A01024
34,Anand Rathi Wealth Ltd.,Financial Services,ANANDRATHI,EQ,INE463V01026
35,Anant Raj Ltd.,Realty,ANANTRAJ,EQ,INE242C01024
36,Angel One Ltd.,Financial Services,ANGELONE,EQ,INE732I01013
37,Apar Industries Ltd.,Capital Goods,APARINDS,EQ,INE372A01015
38,Apollo Hospitals Enterprise Ltd.,Healthcare,APOLLOHOSP,EQ,INE437A01024
39,Apollo Tyres Ltd.,Automobile and Auto Components,APOLLOTYRE,EQ,INE438A01022
40,Aptus Value Housing Finance India Ltd.,Financial Services,APTUS,EQ,INE852O01025
41,Archean Chemical Industries Ltd.,Chemicals,ACI,EQ,INE128X01021
42,Asahi India Glass Ltd.,Automobile and Auto Components,ASAHIINDIA,EQ,INE439A01020
43,Ashok Leyland Ltd.,Capital Goods,ASHOKLEY,EQ,INE208A01029
44,Asian Paints Ltd.,Consumer Durables,ASIANPAINT,EQ,INE021A01026
45,Aster DM Healthcare Ltd.,Healthcare,ASTERDM,EQ,INE914M01019
46,AstraZenca Pharma India Ltd.,Healthcare,ASTRAZEN,EQ,INE203A01020
47,Astral Ltd.,Capital Goods,ASTRAL,EQ,INE006I01046
48,Atul Ltd.,Chemicals,ATUL,EQ,INE100A01010
49,Aurobindo Pharma Ltd.,Healthcare,AUROPHARMA,EQ,INE406A01037
50,Avanti Feeds Ltd.,Fast Moving Consumer Goods,AVANTIFEED,EQ,INE871C01038
51,Avenue Supermarts Ltd.,Consumer Services,DMART,EQ,INE192R01011
52,Axis Bank Ltd.,Financial Services,AXISBANK,EQ,INE238A01034
53,BASF India Ltd.,Chemicals,BASF,EQ,INE373A01013
54,BEML Ltd.,Capital Goods,BEML,EQ,INE258A01016
55,BLS International Services Ltd.,Consumer Services,BLS,EQ,INE153T01027
56,BSE Ltd.,Financial Services,BSE,EQ,INE118H01025
57,Bajaj Auto Ltd.,Automobile and Auto Components,BAJAJ-AUTO,EQ,INE917I01010
58,Bajaj Finance Ltd.,Financial Services,BAJFINANCE,EQ,INE296A01024
59,Bajaj Finserv Ltd.,Financial Services,BAJAJFINSV,EQ,INE918I01026
60,Bajaj Holdings & Investment Ltd.,Financial Services,BAJAJHLDNG,EQ,INE118A01012
61,Balaji Amines Ltd.,Chemicals,BALAMINES,EQ,INE050E01027
62,Balkrishna Industries Ltd.,Automobile and Auto Components,BALKRISIND,EQ,INE787D01026
63,Balrampur Chini Mills Ltd.,Fast Moving Consumer Goods,BALRAMCHIN,EQ,INE119A01028
64,Bandhan Bank Ltd.,Financial Services,BANDHANBNK,EQ,INE545U01014
65,Bank of Baroda,Financial Services,BANKBARODA,EQ,INE028A01039
66,Bank of India,Financial Services,BANKINDIA,EQ,INE084A01016
67,Bank of Maharashtra,Financial Services,MAHABANK,EQ,INE457A01014
68,Bata India Ltd.,Consumer Durables,BATAINDIA,EQ,INE176A01028
69,Bayer Cropscience Ltd.,Chemicals,BAYERCROP,EQ,INE462A01022
70,Berger Paints India Ltd.,Consumer Durables,BERGEPAINT,EQ,INE463A01038
71,Bharat Dynamics Ltd.,Capital Goods,BDL,EQ,INE171Z01026
72,Bharat Electronics Ltd.,Capital Goods,BEL,EQ,INE263A01024
73,Bharat Forge Ltd.,Automobile and Auto Components,BHARATFORG,EQ,INE465A01025
74,Bharat Heavy Electricals Ltd.,Capital Goods,BHEL,EQ,INE257A01026
75,Bharat Petroleum Corporation Ltd.,Oil Gas & Consumable Fuels,BPCL,EQ,INE029A01011
76,Bharti Airtel Ltd.,Telecommunication,BHARTIARTL,EQ,INE397D01024
77,Bharti Hexacom Ltd.,Telecommunication,BHARTIHEXA,EQ,INE343G01021
78,Bikaji Foods International Ltd.,Fast Moving Consumer Goods,BIKAJI,EQ,INE00E101023
79,Biocon Ltd.,Healthcare,BIOCON,EQ,INE376G01013
80,Birla Corporation Ltd.,Construction Materials,BIRLACORPN,EQ,INE340A01012
81,Birlasoft Ltd.,Information Technology,BSOFT,EQ,INE836A01035
82,Blue Dart Express Ltd.,Services,BLUEDART,EQ,INE233B01017
83,Blue Star Ltd.,Consumer Durables,BLUESTARCO,EQ,INE472A01039
84,Bombay Burmah Trading Corporation Ltd.,Fast Moving Consumer Goods,BBTC,EQ,INE050A01025
85,Bosch Ltd.,Automobile and Auto Components,BOSCHLTD,EQ,INE323A01026
86,Brigade Enterprises Ltd.,Realty,BRIGADE,EQ,INE791I01019
87,Britannia Industries Ltd.,Fast Moving Consumer Goods,BRITANNIA,EQ,INE216A01030
88,C.E. Info Systems Ltd.,Information Technology,MAPMYINDIA,EQ,INE0BV301023
89,CCL Products (I) Ltd.,Fast Moving Consumer Goods,CCL,EQ,INE421D01022
90,CESC Ltd.,Power,CESC,EQ,INE486A01021
91,CG Power and Industrial Solutions Ltd.,Capital Goods,CGPOWER,EQ,INE067A01029
92,CIE Automotive India Ltd.,Automobile and Auto Components,CIEINDIA,EQ,INE536H01010
93,CRISIL Ltd.,Financial Services,CRISIL,EQ,INE007A01025
94,Campus Activewear Ltd.,Consumer Durables,CAMPUS,EQ,INE278Y01022
95,Can Fin Homes Ltd.,Financial Services,CANFINHOME,EQ,INE477A01020
96,Canara Bank,Financial Services,CANBK,EQ,INE476A01022
97,Caplin Point Laboratories Ltd.,Healthcare,CAPLIPOINT,EQ,INE475E01026
98,Capri Global Capital Ltd.,Financial Services,CGCL,EQ,INE180C01042
99,Carborundum Universal Ltd.,Capital Goods,CARBORUNIV,EQ,INE120A01034
100,Castrol India Ltd.,Oil Gas & Consumable Fuels,CASTROLIND,EQ,INE172A01027
101,Ceat Ltd.,Automobile and Auto Components,CEATLTD,EQ,INE482A01020
102,Cello World Ltd.,Consumer Durables,CELLO,EQ,INE0LMW01024
103,Central Bank of India,Financial Services,CENTRALBK,EQ,INE483A01010
104,Central Depository Services (India) Ltd.,Financial Services,CDSL,EQ,INE736A01011
105,Century Plyboards (India) Ltd.,Consumer Durables,CENTURYPLY,EQ,INE348B01021
106,Cera Sanitaryware Ltd,Consumer Durables,CERA,EQ,INE739E01017
107,Chalet Hotels Ltd.,Consumer Services,CHALET,EQ,INE427F01016
108,Chambal Fertilizers & Chemicals Ltd.,Chemicals,CHAMBLFERT,EQ,INE085A01013
109,Chemplast Sanmar Ltd.,Chemicals,CHEMPLASTS,EQ,INE488A01050
110,Chennai Petroleum Corporation Ltd.,Oil Gas & Consumable Fuels,CHENNPETRO,EQ,INE178A01016
111,Cholamandalam Financial Holdings Ltd.,Financial Services,CHOLAHLDNG,EQ,INE149A01033
112,Cholamandalam Investment and Finance Company Ltd.,Financial Services,CHOLAFIN,EQ,INE121A01024
113,Cipla Ltd.,Healthcare,CIPLA,EQ,INE059A01026
114,City Union Bank Ltd.,Financial Services,CUB,EQ,INE491A01021
115,Clean Science and Technology Ltd.,Chemicals,CLEAN,EQ,INE227W01023
116,Coal India Ltd.,Oil Gas & Consumable Fuels,COALINDIA,EQ,INE522F01014
117,Cochin Shipyard Ltd.,Capital Goods,COCHINSHIP,EQ,INE704P01025
118,Coforge Ltd.,Information Technology,COFORGE,EQ,INE591G01017
119,Colgate Palmolive (India) Ltd.,Fast Moving Consumer Goods,COLPAL,EQ,INE259A01022
120,Computer Age Management Services Ltd.,Financial Services,CAMS,EQ,INE596I01012
121,Concord Biotech Ltd.,Healthcare,CONCORDBIO,EQ,INE338H01029
122,Container Corporation of India Ltd.,Services,CONCOR,EQ,INE111A01025
123,Coromandel International Ltd.,Chemicals,COROMANDEL,EQ,INE169A01031
124,Craftsman Automation Ltd.,Automobile and Auto Components,CRAFTSMAN,EQ,INE00LO01017
125,CreditAccess Grameen Ltd.,Financial Services,CREDITACC,EQ,INE741K01010
126,Crompton Greaves Consumer Electricals Ltd.,Consumer Durables,CROMPTON,EQ,INE299U01018
127,Cummins India Ltd.,Capital Goods,CUMMINSIND,EQ,INE298A01020
128,Cyient Ltd.,Information Technology,CYIENT,EQ,INE136B01020
129,DLF Ltd.,Realty,DLF,EQ,INE271C01023
130,DOMS Industries Ltd.,Fast Moving Consumer Goods,DOMS,EQ,INE321T01012
131,Dabur India Ltd.,Fast Moving Consumer Goods,DABUR,EQ,INE016A01026
132,Dalmia Bharat Ltd.,Construction Materials,DALBHARAT,EQ,INE00R701025
133,Data Patterns (India) Ltd.,Capital Goods,DATAPATTNS,EQ,INE0IX101010
134,Deepak Fertilisers & Petrochemicals Corp. Ltd.,Chemicals,DEEPAKFERT,EQ,INE501A01019
135,Deepak Nitrite Ltd.,Chemicals,DEEPAKNTR,EQ,INE288B01029
136,Delhivery Ltd.,Services,DELHIVERY,EQ,INE148O01028
137,Devyani International Ltd.,Consumer Services,DEVYANI,EQ,INE872J01023
138,Divi's Laboratories Ltd.,Healthcare,DIVISLAB,EQ,INE361B01024
139,Dixon Technologies (India) Ltd.,Consumer Durables,DIXON,EQ,INE935N01020
140,Dr. Lal Path Labs Ltd.,Healthcare,LALPATHLAB,EQ,INE600L01024
141,Dr. Reddy's Laboratories Ltd.,Healthcare,DRREDDY,EQ,INE089A01031
142,Dummy ITC Ltd.,Consumer Services,DUMMYITC,EQ,DUM154A01025
143,E.I.D. Parry (India) Ltd.,Chemicals,EIDPARRY,EQ,INE126A01031
144,EIH Ltd.,Consumer Services,EIHOTEL,EQ,INE230A01023
145,Easy Trip Planners Ltd.,Consumer Services,EASEMYTRIP,EQ,INE07O001026
146,Eicher Motors Ltd.,Automobile and Auto Components,EICHERMOT,EQ,INE066A01021
147,Elecon Engineering Co. Ltd.,Capital Goods,ELECON,EQ,INE205B01031
148,Elgi Equipments Ltd.,Capital Goods,ELGIEQUIP,EQ,INE285A01027
149,Emami Ltd.,Fast Moving Consumer Goods,EMAMILTD,EQ,INE548C01032
150,Emcure Pharmaceuticals Ltd.,Healthcare,EMCURE,EQ,INE168P01015
151,Endurance Technologies Ltd.,Automobile and Auto Components,ENDURANCE,EQ,INE913H01037
152,Engineers India Ltd.,Construction,ENGINERSIN,EQ,INE510A01028
153,Equitas Small Finance Bank Ltd.,Financial Services,EQUITASBNK,EQ,INE063P01018
154,Eris Lifesciences Ltd.,Healthcare,ERIS,EQ,INE406M01024
155,Escorts Kubota Ltd.,Capital Goods,ESCORTS,EQ,INE042A01014
156,Exide Industries Ltd.,Automobile and Auto Components,EXIDEIND,EQ,INE302A01020
157,FSN E-Commerce Ventures Ltd.,Consumer Services,NYKAA,EQ,INE388Y01029
158,Federal Bank Ltd.,Financial Services,FEDERALBNK,EQ,INE171A01029
159,Fertilisers and Chemicals Travancore Ltd.,Chemicals,FACT,EQ,INE188A01015
160,Fine Organic Industries Ltd.,Chemicals,FINEORG,EQ,INE686Y01026
161,Finolex Cables Ltd.,Capital Goods,FINCABLES,EQ,INE235A01022
162,Finolex Industries Ltd.,Capital Goods,FINPIPE,EQ,INE183A01024
163,Firstsource Solutions Ltd.,Services,FSL,EQ,INE684F01012
164,Five-Star Business Finance Ltd.,Financial Services,FIVESTAR,EQ,INE128S01021
165,Fortis Healthcare Ltd.,Healthcare,FORTIS,EQ,INE061F01013
166,G R Infraprojects Ltd.,Construction,GRINFRA,EQ,INE201P01022
167,GAIL (India) Ltd.,Oil Gas & Consumable Fuels,GAIL,EQ,INE129A01019
168,GE Vernova T&D India Ltd.,Capital Goods,GVT&D,BE,INE200A01026
169,GMR Airports Ltd.,Services,GMRAIRPORT,EQ,INE776C01039
170,Garden Reach Shipbuilders & Engineers Ltd.,Capital Goods,GRSE,EQ,INE382Z01011
171,General Insurance Corporation of India,Financial Services,GICRE,EQ,INE481Y01014
172,Gillette India Ltd.,Fast Moving Consumer Goods,GILLETTE,EQ,INE322A01010
173,Gland Pharma Ltd.,Healthcare,GLAND,EQ,INE068V01023
174,Glaxosmithkline Pharmaceuticals Ltd.,Healthcare,GLAXO,EQ,INE159A01016
175,Glenmark Pharmaceuticals Ltd.,Healthcare,GLENMARK,EQ,INE935A01035
176,Global Health Ltd.,Healthcare,MEDANTA,EQ,INE474Q01031
177,Go Digit General Insurance Ltd.,Financial Services,GODIGIT,EQ,INE03JT01014
178,Godawari Power & Ispat Ltd.,Capital Goods,GPIL,EQ,INE177H01039
179,Godfrey Phillips India Ltd.,Fast Moving Consumer Goods,GODFRYPHLP,EQ,INE260B01028
180,Godrej Agrovet Ltd.,Fast Moving Consumer Goods,GODREJAGRO,EQ,INE850D01014
181,Godrej Consumer Products Ltd.,Fast Moving Consumer Goods,GODREJCP,EQ,INE102D01028
182,Godrej Industries Ltd.,Diversified,GODREJIND,EQ,INE233A01035
183,Godrej Properties Ltd.,Realty,GODREJPROP,EQ,INE484J01027
184,Granules India Ltd.,Healthcare,GRANULES,EQ,INE101D01020
185,Graphite India Ltd.,Capital Goods,GRAPHITE,EQ,INE371A01025
186,Grasim Industries Ltd.,Construction Materials,GRASIM,EQ,INE047A01021
187,Great Eastern Shipping Co. Ltd.,Services,GESHIP,EQ,INE017A01032
188,Grindwell Norton Ltd.,Capital Goods,GRINDWELL,EQ,INE536A01023
189,Gujarat Ambuja Exports Ltd.,Fast Moving Consumer Goods,GAEL,EQ,INE036B01030
190,Gujarat Fluorochemicals Ltd.,Chemicals,FLUOROCHEM,EQ,INE09N301011
191,Gujarat Gas Ltd.,Oil Gas & Consumable Fuels,GUJGASLTD,EQ,INE844O01030
192,Gujarat Mineral Development Corporation Ltd.,Metals & Mining,GMDCLTD,EQ,INE131A01031
193,Gujarat Narmada Valley Fertilizers and Chemicals Ltd.,Chemicals,GNFC,EQ,INE113A01013
194,Gujarat Pipavav Port Ltd.,Services,GPPL,EQ,INE517F01014
195,Gujarat State Fertilizers & Chemicals Ltd.,Chemicals,GSFC,EQ,INE026A01025
196,Gujarat State Petronet Ltd.,Oil Gas & Consumable Fuels,GSPL,EQ,INE246F01010
197,H.E.G. Ltd.,Capital Goods,HEG,EQ,INE545A01024
198,HBL Engineering Ltd.,Automobile and Auto Components,HBLENGINE,EQ,INE292B01021
199,HCL Technologies Ltd.,Information Technology,HCLTECH,EQ,INE860A01027
200,HDFC Asset Management Company Ltd.,Financial Services,HDFCAMC,EQ,INE127D01025
201,HDFC Bank Ltd.,Financial Services,HDFCBANK,EQ,INE040A01034
202,HDFC Life Insurance Company Ltd.,Financial Services,HDFCLIFE,EQ,INE795G01014
203,HFCL Ltd.,Telecommunication,HFCL,EQ,INE548A01028
204,Happiest Minds Technologies Ltd.,Information Technology,HAPPSTMNDS,EQ,INE419U01012
205,Havells India Ltd.,Consumer Durables,HAVELLS,EQ,INE176B01034
206,Hero MotoCorp Ltd.,Automobile and Auto Components,HEROMOTOCO,EQ,INE158A01026
207,Himadri Speciality Chemical Ltd.,Chemicals,HSCL,EQ,INE019C01026
208,Hindalco Industries Ltd.,Metals & Mining,HINDALCO,EQ,INE038A01020
209,Hindustan Aeronautics Ltd.,Capital Goods,HAL,EQ,INE066F01020
210,Hindustan Copper Ltd.,Metals & Mining,HINDCOPPER,EQ,INE531E01026
211,Hindustan Petroleum Corporation Ltd.,Oil Gas & Consumable Fuels,HINDPETRO,EQ,INE094A01015
212,Hindustan Unilever Ltd.,Fast Moving Consumer Goods,HINDUNILVR,EQ,INE030A01027
213,Hindustan Zinc Ltd.,Metals & Mining,HINDZINC,EQ,INE267A01025
214,Hitachi Energy India Ltd.,Capital Goods,POWERINDIA,EQ,INE07Y701011
215,Home First Finance Company India Ltd.,Financial Services,HOMEFIRST,EQ,INE481N01025
216,Honasa Consumer Ltd.,Fast Moving Consumer Goods,HONASA,EQ,INE0J5401028
217,Honeywell Automation India Ltd.,Capital Goods,HONAUT,EQ,INE671A01010
218,Housing & Urban Development Corporation Ltd.,Financial Services,HUDCO,EQ,INE031A01017
219,ICICI Bank Ltd.,Financial Services,ICICIBANK,EQ,INE090A01021
220,ICICI Lombard General Insurance Company Ltd.,Financial Services,ICICIGI,EQ,INE765G01017
221,ICICI Prudential Life Insurance Company Ltd.,Financial Services,ICICIPRULI,EQ,INE726G01019
222,ICICI Securities Ltd.,Financial Services,ISEC,EQ,INE763G01038
223,IDBI Bank Ltd.,Financial Services,IDBI,EQ,INE008A01015
224,IDFC First Bank Ltd.,Financial Services,IDFCFIRSTB,EQ,INE092T01019
225,IFCI Ltd.,Financial Services,IFCI,EQ,INE039A01010
226,IIFL Finance Ltd.,Financial Services,IIFL,EQ,INE530B01024
227,INOX India Ltd.,Capital Goods,INOXINDIA,EQ,INE616N01034
228,IRB Infrastructure Developers Ltd.,Construction,IRB,EQ,INE821I01022
229,IRCON International Ltd.,Construction,IRCON,EQ,INE962Y01021
230,ITC Ltd.,Fast Moving Consumer Goods,ITC,EQ,INE154A01025
231,ITI Ltd.,Telecommunication,ITI,EQ,INE248A01017
232,Indegene Ltd.,Healthcare,INDGN,EQ,INE065X01017
233,India Cements Ltd.,Construction Materials,INDIACEM,EQ,INE383A01012
234,Indiamart Intermesh Ltd.,Consumer Services,INDIAMART,EQ,INE933S01016
235,Indian Bank,Financial Services,INDIANB,EQ,INE562A01011
236,Indian Energy Exchange Ltd.,Financial Services,IEX,EQ,INE022Q01020
237,Indian Hotels Co. Ltd.,Consumer Services,INDHOTEL,EQ,INE053A01029
238,Indian Oil Corporation Ltd.,Oil Gas & Consumable Fuels,IOC,EQ,INE242A01010
239,Indian Overseas Bank,Financial Services,IOB,EQ,INE565A01014
240,Indian Railway Catering And Tourism Corporation Ltd.,Consumer Services,IRCTC,EQ,INE335Y01020
241,Indian Railway Finance Corporation Ltd.,Financial Services,IRFC,EQ,INE053F01010
242,Indian Renewable Energy Development Agency Ltd.,Financial Services,IREDA,EQ,INE202E01016
243,Indraprastha Gas Ltd.,Oil Gas & Consumable Fuels,IGL,EQ,INE203G01027
244,Indus Towers Ltd.,Telecommunication,INDUSTOWER,EQ,INE121J01017
245,IndusInd Bank Ltd.,Financial Services,INDUSINDBK,EQ,INE095A01012
246,Info Edge (India) Ltd.,Consumer Services,NAUKRI,EQ,INE663F01024
247,Infosys Ltd.,Information Technology,INFY,EQ,INE009A01021
248,Inox Wind Ltd.,Capital Goods,INOXWIND,EQ,INE066P01011
249,Intellect Design Arena Ltd.,Information Technology,INTELLECT,EQ,INE306R01017
250,InterGlobe Aviation Ltd.,Services,INDIGO,EQ,INE646L01027
251,Ipca Laboratories Ltd.,Healthcare,IPCALAB,EQ,INE571A01038
252,J.B. Chemicals & Pharmaceuticals Ltd.,Healthcare,JBCHEPHARM,EQ,INE572A01036
253,J.K. Cement Ltd.,Construction Materials,JKCEMENT,EQ,INE823G01014
254,JBM Auto Ltd.,Automobile and Auto Components,JBMA,EQ,INE927D01044
255,JK Lakshmi Cement Ltd.,Construction Materials,JKLAKSHMI,EQ,INE786A01032
256,JK Tyre & Industries Ltd.,Automobile and Auto Components,JKTYRE,EQ,INE573A01042
257,JM Financial Ltd.,Financial Services,JMFINANCIL,EQ,INE780C01023
258,JSW Energy Ltd.,Power,JSWENERGY,EQ,INE121E01018
259,JSW Infrastructure Ltd.,Services,JSWINFRA,EQ,INE880J01026
260,JSW Steel Ltd.,Metals & Mining,JSWSTEEL,EQ,INE019A01038
261,Jaiprakash Power Ventures Ltd.,Power,JPPOWER,EQ,INE351F01018
262,Jammu & Kashmir Bank Ltd.,Financial Services,J&KBANK,EQ,INE168A01041
263,Jindal Saw Ltd.,Capital Goods,JINDALSAW,EQ,INE324A01032
264,Jindal Stainless Ltd.,Metals & Mining,JSL,EQ,INE220G01021
265,Jindal Steel & Power Ltd.,Metals & Mining,JINDALSTEL,EQ,INE749A01030
266,Jio Financial Services Ltd.,Financial Services,JIOFIN,EQ,INE758E01017
267,Jubilant Foodworks Ltd.,Consumer Services,JUBLFOOD,EQ,INE797F01020
268,Jubilant Ingrevia Ltd.,Chemicals,JUBLINGREA,EQ,INE0BY001018
269,Jubilant Pharmova Ltd.,Healthcare,JUBLPHARMA,EQ,INE700A01033
270,Jupiter Wagons Ltd.,Capital Goods,JWL,EQ,INE209L01016
271,Justdial Ltd.,Consumer Services,JUSTDIAL,EQ,INE599M01018
272,Jyothy Labs Ltd.,Fast Moving Consumer Goods,JYOTHYLAB,EQ,INE668F01031
273,Jyoti CNC Automation Ltd.,Capital Goods,JYOTICNC,EQ,INE980O01024
274,K.P.R. Mill Ltd.,Textiles,KPRMILL,EQ,INE930H01031
275,KEI Industries Ltd.,Capital Goods,KEI,EQ,INE878B01027
276,KNR Constructions Ltd.,Construction,KNRCON,EQ,INE634I01029
277,KPIT Technologies Ltd.,Information Technology,KPITTECH,EQ,INE04I401011
278,KSB Ltd.,Capital Goods,KSB,EQ,INE999A01023
279,Kajaria Ceramics Ltd.,Consumer Durables,KAJARIACER,EQ,INE217B01036
280,Kalpataru Projects International Ltd.,Construction,KPIL,EQ,INE220B01022
281,Kalyan Jewellers India Ltd.,Consumer Durables,KALYANKJIL,EQ,INE303R01014
282,Kansai Nerolac Paints Ltd.,Consumer Durables,KANSAINER,EQ,INE531A01024
283,Karur Vysya Bank Ltd.,Financial Services,KARURVYSYA,EQ,INE036D01028
284,Kaynes Technology India Ltd.,Capital Goods,KAYNES,EQ,INE918Z01012
285,Kec International Ltd.,Construction,KEC,EQ,INE389H01022
286,Kfin Technologies Ltd.,Financial Services,KFINTECH,EQ,INE138Y01010
287,Kirloskar Brothers Ltd.,Capital Goods,KIRLOSBROS,EQ,INE732A01036
288,Kirloskar Oil Eng Ltd.,Capital Goods,KIRLOSENG,EQ,INE146L01010
289,Kotak Mahindra Bank Ltd.,Financial Services,KOTAKBANK,EQ,INE237A01028
290,Krishna Institute of Medical Sciences Ltd.,Healthcare,KIMS,EQ,INE967H01025
291,L&T Finance Ltd.,Financial Services,LTF,EQ,INE498L01015
292,L&T Technology Services Ltd.,Information Technology,LTTS,EQ,INE010V01017
293,LIC Housing Finance Ltd.,Financial Services,LICHSGFIN,EQ,INE115A01026
294,LTIMindtree Ltd.,Information Technology,LTIM,EQ,INE214T01019
295,Larsen & Toubro Ltd.,Construction,LT,EQ,INE018A01030
296,Latent View Analytics Ltd.,Information Technology,LATENTVIEW,EQ,INE0I7C01011
297,Laurus Labs Ltd.,Healthcare,LAURUSLABS,EQ,INE947Q01028
298,Lemon Tree Hotels Ltd.,Consumer Services,LEMONTREE,EQ,INE970X01018
299,Life Insurance Corporation of India,Financial Services,LICI,EQ,INE0J1Y01017
300,Linde India Ltd.,Chemicals,LINDEINDIA,EQ,INE473A01011
301,Lloyds Metals And Energy Ltd.,Metals & Mining,LLOYDSME,EQ,INE281B01032
302,Lupin Ltd.,Healthcare,LUPIN,EQ,INE326A01037
303,MMTC Ltd.,Services,MMTC,EQ,INE123F01029
304,MRF Ltd.,Automobile and Auto Components,MRF,EQ,INE883A01011
305,Macrotech Developers Ltd.,Realty,LODHA,EQ,INE670K01029
306,Mahanagar Gas Ltd.,Oil Gas & Consumable Fuels,MGL,EQ,INE002S01010
307,Maharashtra Seamless Ltd.,Capital Goods,MAHSEAMLES,EQ,INE271B01025
308,Mahindra & Mahindra Financial Services Ltd.,Financial Services,M&MFIN,EQ,INE774D01024
309,Mahindra & Mahindra Ltd.,Automobile and Auto Components,M&M,EQ,INE101A01026
310,Mahindra Lifespace Developers Ltd.,Realty,MAHLIFE,EQ,INE813A01018
311,Manappuram Finance Ltd.,Financial Services,MANAPPURAM,EQ,INE522D01027
312,Mangalore Refinery & Petrochemicals Ltd.,Oil Gas & Consumable Fuels,MRPL,EQ,INE103A01014
313,Mankind Pharma Ltd.,Healthcare,MANKIND,EQ,INE634S01028
314,Marico Ltd.,Fast Moving Consumer Goods,MARICO,EQ,INE196A01026
315,Maruti Suzuki India Ltd.,Automobile and Auto Components,MARUTI,EQ,INE585B01010
316,Mastek Ltd.,Information Technology,MASTEK,EQ,INE759A01021
317,Max Financial Services Ltd.,Financial Services,MFSL,EQ,INE180A01020
318,Max Healthcare Institute Ltd.,Healthcare,MAXHEALTH,EQ,INE027H01010
319,Mazagoan Dock Shipbuilders Ltd.,Capital Goods,MAZDOCK,EQ,INE249Z01020
320,Metro Brands Ltd.,Consumer Durables,METROBRAND,EQ,INE317I01021
321,Metropolis Healthcare Ltd.,Healthcare,METROPOLIS,EQ,INE112L01020
322,Minda Corporation Ltd.,Automobile and Auto Components,MINDACORP,EQ,INE842C01021
323,Motherson Sumi Wiring India Ltd.,Automobile and Auto Components,MSUMI,EQ,INE0FS801015
324,Motilal Oswal Financial Services Ltd.,Financial Services,MOTILALOFS,EQ,INE338I01027
325,MphasiS Ltd.,Information Technology,MPHASIS,EQ,INE356A01018
326,Multi Commodity Exchange of India Ltd.,Financial Services,MCX,EQ,INE745G01035
327,Muthoot Finance Ltd.,Financial Services,MUTHOOTFIN,EQ,INE414G01012
328,NATCO Pharma Ltd.,Healthcare,NATCOPHARM,EQ,INE987B01026
329,NBCC (India) Ltd.,Construction,NBCC,EQ,INE095N01031
330,NCC Ltd.,Construction,NCC,EQ,INE868B01028
331,NHPC Ltd.,Power,NHPC,EQ,INE848E01016
332,NLC India Ltd.,Power,NLCINDIA,EQ,INE589A01014
333,NMDC Ltd.,Metals & Mining,NMDC,EQ,INE584A01023
334,NMDC Steel Ltd.,Metals & Mining,NSLNISP,EQ,INE0NNS01018
335,NTPC Ltd.,Power,NTPC,EQ,INE733E01010
336,Narayana Hrudayalaya Ltd.,Healthcare,NH,EQ,INE410P01011
337,National Aluminium Co. Ltd.,Metals & Mining,NATIONALUM,EQ,INE139A01034
338,Navin Fluorine International Ltd.,Chemicals,NAVINFLUOR,EQ,INE048G01026
339,Nestle India Ltd.,Fast Moving Consumer Goods,NESTLEIND,EQ,INE239A01024
340,Netweb Technologies India Ltd.,Information Technology,NETWEB,EQ,INE0NT901020
341,Network18 Media & Investments Ltd.,Media Entertainment & Publication,NETWORK18,EQ,INE870H01013
342,Newgen Software Technologies Ltd.,Information Technology,NEWGEN,EQ,INE619B01017
343,Nippon Life India Asset Management Ltd.,Financial Services,NAM-INDIA,EQ,INE298J01013
344,Nuvama Wealth Management Ltd.,Financial Services,NUVAMA,EQ,INE531F01015
345,Nuvoco Vistas Corporation Ltd.,Construction Materials,NUVOCO,EQ,INE118D01016
346,Oberoi Realty Ltd.,Realty,OBEROIRLTY,EQ,INE093I01010
347,Oil & Natural Gas Corporation Ltd.,Oil Gas & Consumable Fuels,ONGC,EQ,INE213A01029
348,Oil India Ltd.,Oil Gas & Consumable Fuels,OIL,EQ,INE274J01014
349,Olectra Greentech Ltd.,Automobile and Auto Components,OLECTRA,EQ,INE260D01016
350,One 97 Communications Ltd.,Financial Services,PAYTM,EQ,INE982J01020
351,Oracle Financial Services Software Ltd.,Information Technology,OFSS,EQ,INE881D01027
352,PB Fintech Ltd.,Financial Services,POLICYBZR,EQ,INE417T01026
353,PCBL Ltd.,Chemicals,PCBL,EQ,INE602A01031
354,PI Industries Ltd.,Chemicals,PIIND,EQ,INE603J01030
355,PNB Housing Finance Ltd.,Financial Services,PNBHOUSING,EQ,INE572E01012
356,PNC Infratech Ltd.,Construction,PNCINFRA,EQ,INE195J01029
357,PTC Industries Ltd.,Capital Goods,PTCIL,EQ,INE596F01018
358,PVR INOX Ltd.,Media Entertainment & Publication,PVRINOX,EQ,INE191H01014
359,Page Industries Ltd.,Textiles,PAGEIND,EQ,INE761H01022
360,Patanjali Foods Ltd.,Fast Moving Consumer Goods,PATANJALI,EQ,INE619A01035
361,Persistent Systems Ltd.,Information Technology,PERSISTENT,EQ,INE262H01021
362,Petronet LNG Ltd.,Oil Gas & Consumable Fuels,PETRONET,EQ,INE347G01014
363,Pfizer Ltd.,Healthcare,PFIZER,EQ,INE182A01018
364,Phoenix Mills Ltd.,Realty,PHOENIXLTD,EQ,INE211B01039
365,Pidilite Industries Ltd.,Chemicals,PIDILITIND,EQ,INE318A01026
366,Piramal Enterprises Ltd.,Financial Services,PEL,EQ,INE140A01024
367,Piramal Pharma Ltd.,Healthcare,PPLPHARMA,EQ,INE0DK501011
368,Poly Medicure Ltd.,Healthcare,POLYMED,EQ,INE205C01021
369,Polycab India Ltd.,Capital Goods,POLYCAB,EQ,INE455K01017
370,Poonawalla Fincorp Ltd.,Financial Services,POONAWALLA,EQ,INE511C01022
371,Power Finance Corporation Ltd.,Financial Services,PFC,EQ,INE134E01011
372,Power Grid Corporation of India Ltd.,Power,POWERGRID,EQ,INE752E01010
373,Praj Industries Ltd.,Capital Goods,PRAJIND,EQ,INE074A01025
374,Prestige Estates Projects Ltd.,Realty,PRESTIGE,EQ,INE811K01011
375,Procter & Gamble Hygiene & Health Care Ltd.,Fast Moving Consumer Goods,PGHH,EQ,INE179A01014
376,Punjab National Bank,Financial Services,PNB,EQ,INE160A01022
377,Quess Corp Ltd.,Services,QUESS,EQ,INE615P01015
378,R R Kabel Ltd.,Capital Goods,RRKABEL,EQ,INE777K01022
379,RBL Bank Ltd.,Financial Services,RBLBANK,EQ,INE976G01028
380,REC Ltd.,Financial Services,RECLTD,EQ,INE020B01018
381,RHI MAGNESITA INDIA LTD.,Capital Goods,RHIM,EQ,INE743M01012
382,RITES Ltd.,Construction,RITES,EQ,INE320J01015
383,Radico Khaitan Ltd,Fast Moving Consumer Goods,RADICO,EQ,INE944F01028
384,Rail Vikas Nigam Ltd.,Construction,RVNL,EQ,INE415G01027
385,Railtel Corporation Of India Ltd.,Telecommunication,RAILTEL,EQ,INE0DD101019
386,Rainbow Childrens Medicare Ltd.,Healthcare,RAINBOW,EQ,INE961O01016
387,Rajesh Exports Ltd.,Consumer Durables,RAJESHEXPO,EQ,INE343B01030
388,Ramkrishna Forgings Ltd.,Automobile and Auto Components,RKFORGE,EQ,INE399G01023
389,Rashtriya Chemicals & Fertilizers Ltd.,Chemicals,RCF,EQ,INE027A01015
390,Ratnamani Metals & Tubes Ltd.,Capital Goods,RATNAMANI,EQ,INE703B01027
391,RattanIndia Enterprises Ltd.,Consumer Services,RTNINDIA,EQ,INE834M01019
392,Raymond Ltd.,Realty,RAYMOND,EQ,INE301A01014
393,Redington Ltd.,Services,REDINGTON,EQ,INE891D01026
394,Reliance Industries Ltd.,Oil Gas & Consumable Fuels,RELIANCE,EQ,INE002A01018
395,Route Mobile Ltd.,Telecommunication,ROUTE,EQ,INE450U01017
396,SBFC Finance Ltd.,Financial Services,SBFC,EQ,INE423Y01016
397,SBI Cards and Payment Services Ltd.,Financial Services,SBICARD,EQ,INE018E01016
398,SBI Life Insurance Company Ltd.,Financial Services,SBILIFE,EQ,INE123W01016
399,SJVN Ltd.,Power,SJVN,EQ,INE002L01015
400,SKF India Ltd.,Capital Goods,SKFINDIA,EQ,INE640A01023
401,SRF Ltd.,Chemicals,SRF,EQ,INE647A01010
402,Sammaan Capital Ltd.,Financial Services,SAMMAANCAP,EQ,INE148I01020
403,Samvardhana Motherson International Ltd.,Automobile and Auto Components,MOTHERSON,EQ,INE775A01035
404,Sanofi India Ltd.,Healthcare,SANOFI,EQ,INE058A01010
405,Sapphire Foods India Ltd.,Consumer Services,SAPPHIRE,EQ,INE806T01020
406,Saregama India Ltd,Media Entertainment & Publication,SAREGAMA,EQ,INE979A01025
407,Schaeffler India Ltd.,Automobile and Auto Components,SCHAEFFLER,EQ,INE513A01022
408,Schneider Electric Infrastructure Ltd.,Capital Goods,SCHNEIDER,EQ,INE839M01018
409,Shipping Corporation of India Ltd.,Services,SCI,EQ,INE109A01011
410,Shree Cement Ltd.,Construction Materials,SHREECEM,EQ,INE070A01015
411,Shree Renuka Sugars Ltd.,Fast Moving Consumer Goods,RENUKA,EQ,INE087H01022
412,Shriram Finance Ltd.,Financial Services,SHRIRAMFIN,EQ,INE721A01047
413,Shyam Metalics and Energy Ltd.,Capital Goods,SHYAMMETL,EQ,INE810G01011
414,Siemens Ltd.,Capital Goods,SIEMENS,EQ,INE003A01024
415,Signatureglobal (India) Ltd.,Realty,SIGNATURE,EQ,INE903U01023
416,Sobha Ltd.,Realty,SOBHA,EQ,INE671H01015
417,Solar Industries India Ltd.,Chemicals,SOLARINDS,EQ,INE343H01029
418,Sona BLW Precision Forgings Ltd.,Automobile and Auto Components,SONACOMS,EQ,INE073K01018
419,Sonata Software Ltd.,Information Technology,SONATSOFTW,EQ,INE269A01021
420,Star Health and Allied Insurance Company Ltd.,Financial Services,STARHEALTH,EQ,INE575P01011
421,State Bank of India,Financial Services,SBIN,EQ,INE062A01020
422,Steel Authority of India Ltd.,Metals & Mining,SAIL,EQ,INE114A01011
423,Sterling and Wilson Renewable Energy Ltd.,Construction,SWSOLAR,EQ,INE00M201021
424,Sumitomo Chemical India Ltd.,Chemicals,SUMICHEM,EQ,INE258G01013
425,Sun Pharma Advanced Research Company Ltd.,Healthcare,SPARC,EQ,INE232I01014
426,Sun Pharmaceutical Industries Ltd.,Healthcare,SUNPHARMA,EQ,INE044A01036
427,Sun TV Network Ltd.,Media Entertainment & Publication,SUNTV,EQ,INE424H01027
428,Sundaram Finance Ltd.,Financial Services,SUNDARMFIN,EQ,INE660A01013
429,Sundram Fasteners Ltd.,Automobile and Auto Components,SUNDRMFAST,EQ,INE387A01021
430,Supreme Industries Ltd.,Capital Goods,SUPREMEIND,EQ,INE195A01028
431,Suven Pharmaceuticals Ltd.,Healthcare,SUVENPHAR,EQ,INE03QK01018
432,Suzlon Energy Ltd.,Capital Goods,SUZLON,EQ,INE040H01021
433,Swan Energy Ltd.,Diversified,SWANENERGY,EQ,INE665A01038
434,Syngene International Ltd.,Healthcare,SYNGENE,EQ,INE398R01022
435,Syrma SGS Technology Ltd.,Capital Goods,SYRMA,EQ,INE0DYJ01015
436,TBO Tek Ltd.,Consumer Services,TBOTEK,EQ,INE673O01025
437,TVS Motor Company Ltd.,Automobile and Auto Components,TVSMOTOR,EQ,INE494B01023
438,TVS Supply Chain Solutions Ltd.,Services,TVSSCS,EQ,INE395N01027
439,Tanla Platforms Ltd.,Information Technology,TANLA,EQ,INE483C01032
440,Tata Chemicals Ltd.,Chemicals,TATACHEM,EQ,INE092A01019
441,Tata Communications Ltd.,Telecommunication,TATACOMM,EQ,INE151A01013
442,Tata Consultancy Services Ltd.,Information Technology,TCS,EQ,INE467B01029
443,Tata Consumer Products Ltd.,Fast Moving Consumer Goods,TATACONSUM,EQ,INE192A01025
444,Tata Elxsi Ltd.,Information Technology,TATAELXSI,EQ,INE670A01012
445,Tata Investment Corporation Ltd.,Financial Services,TATAINVEST,EQ,INE672A01018
446,Tata Motors Ltd.,Automobile and Auto Components,TATAMOTORS,EQ,INE155A01022
447,Tata Power Co. Ltd.,Power,TATAPOWER,EQ,INE245A01021
448,Tata Steel Ltd.,Metals & Mining,TATASTEEL,EQ,INE081A01020
449,Tata Technologies Ltd.,Information Technology,TATATECH,EQ,INE142M01025
450,Tata Teleservices (Maharashtra) Ltd.,Telecommunication,TTML,EQ,INE517B01013
451,Tech Mahindra Ltd.,Information Technology,TECHM,EQ,INE669C01036
452,Techno Electric & Engineering Company Ltd.,Construction,TECHNOE,EQ,INE285K01026
453,Tejas Networks Ltd.,Telecommunication,TEJASNET,EQ,INE010J01012
454,The New India Assurance Company Ltd.,Financial Services,NIACL,EQ,INE470Y01017
455,The Ramco Cements Ltd.,Construction Materials,RAMCOCEM,EQ,INE331A01037
456,Thermax Ltd.,Capital Goods,THERMAX,EQ,INE152A01029
457,Timken India Ltd.,Capital Goods,TIMKEN,EQ,INE325A01013
458,Titagarh Rail Systems Ltd.,Capital Goods,TITAGARH,EQ,INE615H01020
459,Titan Company Ltd.,Consumer Durables,TITAN,EQ,INE280A01028
460,Torrent Pharmaceuticals Ltd.,Healthcare,TORNTPHARM,EQ,INE685A01028
461,Torrent Power Ltd.,Power,TORNTPOWER,EQ,INE813H01021
462,Trent Ltd.,Consumer Services,TRENT,EQ,INE849A01020
463,Trident Ltd.,Textiles,TRIDENT,EQ,INE064C01022
464,Triveni Engineering & Industries Ltd.,Fast Moving Consumer Goods,TRIVENI,EQ,INE256C01024
465,Triveni Turbine Ltd.,Capital Goods,TRITURBINE,EQ,INE152M01016
466,Tube Investments of India Ltd.,Automobile and Auto Components,TIINDIA,EQ,INE974X01010
467,UCO Bank,Financial Services,UCOBANK,EQ,INE691A01018
468,UNO Minda Ltd.,Automobile and Auto Components,UNOMINDA,EQ,INE405E01023
469,UPL Ltd.,Chemicals,UPL,EQ,INE628A01036
470,UTI Asset Management Company Ltd.,Financial Services,UTIAMC,EQ,INE094J01016
471,Ujjivan Small Finance Bank Ltd.,Financial Services,UJJIVANSFB,EQ,INE551W01018
472,UltraTech Cement Ltd.,Construction Materials,ULTRACEMCO,EQ,INE481G01011
473,Union Bank of India,Financial Services,UNIONBANK,EQ,INE692A01016
474,United Breweries Ltd.,Fast Moving Consumer Goods,UBL,EQ,INE686F01025
475,United Spirits Ltd.,Fast Moving Consumer Goods,UNITDSPR,EQ,INE854D01024
476,Usha Martin Ltd.,Capital Goods,USHAMART,EQ,INE228A01035
477,V-Guard Industries Ltd.,Consumer Durables,VGUARD,EQ,INE951I01027
478,V.I.P. Industries Ltd.,Consumer Durables,VIPIND,EQ,INE054A01027
479,Valor Estate Ltd.,Realty,DBREALTY,EQ,INE879I01012
480,Vardhman Textiles Ltd.,Textiles,VTL,EQ,INE825A01020
481,Varroc Engineering Ltd.,Automobile and Auto Components,VARROC,EQ,INE665L01035
482,Varun Beverages Ltd.,Fast Moving Consumer Goods,VBL,EQ,INE200M01039
483,Vedant Fashions Ltd.,Consumer Services,MANYAVAR,EQ,INE825V01034
484,Vedanta Ltd.,Metals & Mining,VEDL,EQ,INE205A01025
485,Vijaya Diagnostic Centre Ltd.,Healthcare,VIJAYA,EQ,INE043W01024
486,Vinati Organics Ltd.,Chemicals,VINATIORGA,EQ,INE410B01037
487,Vodafone Idea Ltd.,Telecommunication,IDEA,EQ,INE669E01016
488,Voltas Ltd.,Consumer Durables,VOLTAS,EQ,INE226A01021
489,Welspun Corp Ltd.,Capital Goods,WELCORP,EQ,INE191B01025
490,Welspun Living Ltd.,Textiles,WELSPUNLIV,EQ,INE192B01031
491,Westlife Foodworld Ltd.,Consumer Services,WESTLIFE,EQ,INE274F01020
492,Whirlpool of India Ltd.,Consumer Durables,WHIRLPOOL,EQ,INE716A01013
493,Wipro Ltd.,Information Technology,WIPRO,EQ,INE075A01022
494,Yes Bank Ltd.,Financial Services,YESBANK,EQ,INE528G01035
495,ZF Commercial Vehicle Control Systems India Ltd.,Automobile and Auto Components,ZFCVINDIA,EQ,INE342J01019
496,Zee Entertainment Enterprises Ltd.,Media Entertainment & Publication,ZEEL,EQ,INE256A01028
497,Zensar Technolgies Ltd.,Information Technology,ZENSARTECH,EQ,INE520A01027
498,Zomato Ltd.,Consumer Services,ZOMATO,EQ,INE758T01015
499,Zydus Lifesciences Ltd.,Healthcare,ZYDUSLIFE,EQ,INE010B01027
500,eClerx Services Ltd.,Services,ECLERX,EQ,INE738I01010
